{"type":"already","balance":90.02000000000001,"plan":"free","fav":[],"status":"unban","refer":[],"refer_by":false,"admin":false,"oid":1988623225613,"totid":[{"id":1988623225613,"date":"21|12|2023"}],"damo":100,"otp":[{"id":"170315554880957","type":"cancel_otp","price":"22.34","number":"917352014010","Date":"21|12|2023","Time":"4:15:50","msg_id":65,"ctime":"4:17:12","cdate":"21|12|2023"},{"id":"170315657371142","type":"cancel_otp","price":"25.26","number":"919316285897","Date":"21|12|2023","Time":"4:32:55","msg_id":77,"ctime":"4:33:39","cdate":"21|12|2023"},{"id":"170315704588808","type":"cancel_otp","price":"4.99","number":"91837699661","Date":"21|12|2023","Time":"4:40:46","msg_id":89,"ctime":"4:40:58","cdate":"21|12|2023"},{"id":"170315706365542","type":"otp_taken","price":"4.99","number":"918758243263","Date":"21|12|2023","Time":"4:41:04","msg_id":90,"otp":"185706","otime":"4:44:20","odate":"21|12|2023"},{"id":"170315740179843","type":"cancel_otp","price":"4.99","number":"919799481255","Date":"21|12|2023","Time":"4:46:42","msg_id":97,"ctime":"4:48:30","cdate":"21|12|2023"},{"id":"170315751683049","type":"cancel_otp","price":"4.99","number":"917028169543","Date":"21|12|2023","Time":"4:48:37","msg_id":109,"ctime":"4:50:08","cdate":"21|12|2023"},{"id":"170315762337437","type":"otp_taken","price":"4.99","number":"917217443952","Date":"21|12|2023","Time":"4:50:24","msg_id":123,"otp":"114253","otime":"4:51:26","odate":"21|12|2023"}],"spend":9.98}